锚文本,超链接
JinYongXiaoShuo.COM,http://jinyongxiaoshuo.com
金庸小说全集,http://jinyongxiaoshuo.com
收藏本站,http://jinyongxiaoshuo.com
金庸小说全集,http://jinyongxiaoshuo.com/
修订版金庸小说全集,http://jinyongxiaoshuo.com/xiuding/
修订版《笑傲江湖》,http://jinyongxiaoshuo.com/xiaoaojianghu/
旧版《笑傲江湖》小说,/old_xiaoaojianghu/
新修版《笑傲江湖》小说,/new_xiaoaojianghu/
第01章　灭门,http://jinyongxiaoshuo.com/xiaoaojianghu/1573.html
第02章　聆秘,http://jinyongxiaoshuo.com/xiaoaojianghu/1572.html
第03章　救难,http://jinyongxiaoshuo.com/xiaoaojianghu/1571.html
第04章　坐斗,http://jinyongxiaoshuo.com/xiaoaojianghu/1570.html
第05章　治伤,http://jinyongxiaoshuo.com/xiaoaojianghu/1569.html
第06章　洗手,http://jinyongxiaoshuo.com/xiaoaojianghu/1568.html
第07章　授谱,http://jinyongxiaoshuo.com/xiaoaojianghu/1567.html
第08章　面壁,http://jinyongxiaoshuo.com/xiaoaojianghu/1566.html
第09章　邀客,http://jinyongxiaoshuo.com/xiaoaojianghu/1565.html
第10章　传剑,http://jinyongxiaoshuo.com/xiaoaojianghu/1564.html
第11章　聚气,http://jinyongxiaoshuo.com/xiaoaojianghu/1563.html
第12章　围攻,http://jinyongxiaoshuo.com/xiaoaojianghu/1562.html
第13章　学琴,http://jinyongxiaoshuo.com/xiaoaojianghu/1561.html
第14章　论杯,http://jinyongxiaoshuo.com/xiaoaojianghu/1560.html
第15章　灌药,http://jinyongxiaoshuo.com/xiaoaojianghu/1559.html
第16章　注血,http://jinyongxiaoshuo.com/xiaoaojianghu/1558.html
第17章　倾心,http://jinyongxiaoshuo.com/xiaoaojianghu/1557.html
第18章　联手,http://jinyongxiaoshuo.com/xiaoaojianghu/1556.html
第19章　打赌,http://jinyongxiaoshuo.com/xiaoaojianghu/1555.html
第20章　入狱,http://jinyongxiaoshuo.com/xiaoaojianghu/1554.html
第21章　囚居,http://jinyongxiaoshuo.com/xiaoaojianghu/1553.html
第22章　脱困,http://jinyongxiaoshuo.com/xiaoaojianghu/1552.html
第23章　伏击,http://jinyongxiaoshuo.com/xiaoaojianghu/1551.html
第24章　蒙冤,http://jinyongxiaoshuo.com/xiaoaojianghu/1550.html
第25章　闻讯,http://jinyongxiaoshuo.com/xiaoaojianghu/1549.html
第26章　围寺,http://jinyongxiaoshuo.com/xiaoaojianghu/1548.html
第27章　三战,http://jinyongxiaoshuo.com/xiaoaojianghu/1547.html
第28章　积雪,http://jinyongxiaoshuo.com/xiaoaojianghu/1546.html
第29章　掌门,http://jinyongxiaoshuo.com/xiaoaojianghu/1545.html
第30章　密议,http://jinyongxiaoshuo.com/xiaoaojianghu/1544.html
第31章　绣花,http://jinyongxiaoshuo.com/xiaoaojianghu/1543.html
第32章　并派,http://jinyongxiaoshuo.com/xiaoaojianghu/1542.html
第33章　比剑,http://jinyongxiaoshuo.com/xiaoaojianghu/1541.html
第34章　夺帅,http://jinyongxiaoshuo.com/xiaoaojianghu/1540.html
第35章　复仇,http://jinyongxiaoshuo.com/xiaoaojianghu/1539.html
第36章　伤逝,http://jinyongxiaoshuo.com/xiaoaojianghu/1538.html
第37章　迫娶,http://jinyongxiaoshuo.com/xiaoaojianghu/1537.html
第38章　聚歼,http://jinyongxiaoshuo.com/xiaoaojianghu/1536.html
第39章　拒盟,http://jinyongxiaoshuo.com/xiaoaojianghu/1535.html
第40章　曲谐,http://jinyongxiaoshuo.com/xiaoaojianghu/1534.html
后记,http://jinyongxiaoshuo.com/xiaoaojianghu/1533.html
修订版《笑傲江湖》,http://jinyongxiaoshuo.com/xiaoaojianghu/
金庸小说全集,http://jinyongxiaoshuo.com
修订版《笑傲江湖》,http://jinyongxiaoshuo.com/xiaoaojianghu/
金庸小说全集,http://jinyongxiaoshuo.com
修订版《笑傲江湖》,http://jinyongxiaoshuo.com/xiaoaojianghu/
金庸小说全集,http://jinyongxiaoshuo.com
金庸小说全集,http://jinyongxiaoshuo.com
修订版《笑傲江湖》,http://jinyongxiaoshuo.com/xiaoaojianghu/
修订版《笑傲江湖》,http://jinyongxiaoshuo.com/xiaoaojianghu/
金庸小说全集,http://jinyongxiaoshuo.com
修订版《笑傲江湖》,http://jinyongxiaoshuo.com/xiaoaojianghu/
 金庸小说全集 ,http://jinyongxiaoshuo.com
SiteMap,/sitemap.xml
